1,41.9017#12.4550
1,41.9017#12.4551
1,41.9017#12.4552
1,41.9017#12.4553
1,41.9017#12.4554
1,41.9017#12.4555
1,41.9017#12.4556
1,41.9017#12.4557
1,41.9017#12.4558
1,41.9017#12.4559
1,41.9017#12.4560
1,41.9017#12.4561
1,41.9017#12.4562
1,41.9017#12.4563
1,41.9017#12.4564
1,41.9017#12.4565
1,41.9017#12.4566
1,41.9017#12.4567
1,41.9017#12.4568
1,41.9017#12.4569
1,41.9017#12.4570
1,41.9017#12.4571
1,41.9017#12.4572
1,41.9017#12.4573
1,41.9017#12.4574
1,41.9017#12.4575
1,41.9017#12.4576
1,41.9017#12.4577
1,41.9017#12.4578
1,41.9017#12.4579
1,41.9017#12.4580
1,41.9017#12.4581
1,41.9017#12.4582
1,41.9018#12.4550
1,41.9018#12.4551
1,41.9018#12.4552
1,41.9018#12.4553
1,41.9018#12.4554
1,41.9018#12.4555
1,41.9018#12.4556
1,41.9018#12.4557
1,41.9018#12.4558
1,41.9018#12.4559
1,41.9018#12.4560
1,41.9018#12.4561
1,41.9018#12.4562
1,41.9018#12.4563
1,41.9018#12.4564
1,41.9018#12.4565
1,41.9018#12.4566
1,41.9018#12.4567
1,41.9018#12.4568
1,41.9018#12.4569
1,41.9018#12.4570
1,41.9018#12.4571
1,41.9018#12.4572
1,41.9018#12.4573
1,41.9018#12.4574
1,41.9018#12.4575
1,41.9018#12.4576
1,41.9018#12.4577
1,41.9018#12.4578
1,41.9018#12.4579
1,41.9018#12.4580
1,41.9018#12.4581
1,41.9018#12.4582
1,41.9019#12.4550
1,41.9019#12.4551
1,41.9019#12.4552
1,41.9019#12.4553
1,41.9019#12.4554
1,41.9019#12.4555
1,41.9019#12.4556
1,41.9019#12.4557
1,41.9019#12.4558
1,41.9019#12.4559
1,41.9019#12.4560
1,41.9019#12.4561
1,41.9019#12.4562
1,41.9019#12.4563
1,41.9019#12.4564
1,41.9019#12.4565
1,41.9019#12.4566
1,41.9019#12.4567
1,41.9019#12.4568
1,41.9019#12.4569
1,41.9019#12.4570
1,41.9019#12.4571
1,41.9019#12.4572
1,41.9019#12.4573
1,41.9019#12.4574
1,41.9019#12.4575
1,41.9019#12.4576
1,41.9019#12.4577
1,41.9019#12.4578
1,41.9019#12.4579
1,41.9019#12.4580
1,41.9019#12.4581
1,41.9019#12.4582
1,41.9020#12.4550
1,41.9020#12.4551
1,41.9020#12.4552
1,41.9020#12.4553
1,41.9020#12.4554
1,41.9020#12.4555
1,41.9020#12.4556
1,41.9020#12.4557
1,41.9020#12.4558
1,41.9020#12.4559
1,41.9020#12.4560
1,41.9020#12.4561
1,41.9020#12.4562
1,41.9020#12.4563
1,41.9020#12.4564
1,41.9020#12.4565
1,41.9020#12.4566
1,41.9020#12.4567
1,41.9020#12.4568
1,41.9020#12.4569
1,41.9020#12.4570
1,41.9020#12.4571
1,41.9020#12.4572
1,41.9020#12.4573
1,41.9020#12.4574
1,41.9020#12.4575
1,41.9020#12.4576
1,41.9020#12.4577
1,41.9020#12.4578
1,41.9020#12.4579
1,41.9020#12.4580
1,41.9020#12.4581
1,41.9020#12.4582
1,41.9021#12.4550
1,41.9021#12.4551
1,41.9021#12.4552
1,41.9021#12.4553
1,41.9021#12.4554
1,41.9021#12.4555
1,41.9021#12.4556
1,41.9021#12.4557
1,41.9021#12.4558
1,41.9021#12.4559
1,41.9021#12.4560
1,41.9021#12.4561
1,41.9021#12.4562
1,41.9021#12.4563
1,41.9021#12.4564
1,41.9021#12.4565
1,41.9021#12.4566
1,41.9021#12.4567
1,41.9021#12.4568
1,41.9021#12.4569
1,41.9021#12.4570
1,41.9021#12.4571
1,41.9021#12.4572
1,41.9021#12.4573
1,41.9021#12.4574
1,41.9021#12.4575
1,41.9021#12.4576
1,41.9021#12.4577
1,41.9021#12.4578
1,41.9021#12.4579
1,41.9021#12.4580
1,41.9021#12.4581
1,41.9021#12.4582
1,41.9022#12.4550
1,41.9022#12.4551
1,41.9022#12.4552
1,41.9022#12.4553
1,41.9022#12.4554
1,41.9022#12.4555
1,41.9022#12.4556
1,41.9022#12.4557
1,41.9022#12.4558
1,41.9022#12.4559
1,41.9022#12.4560
1,41.9022#12.4561
1,41.9022#12.4562
1,41.9022#12.4563
1,41.9022#12.4564
1,41.9022#12.4565
1,41.9022#12.4566
1,41.9022#12.4567
1,41.9022#12.4568
1,41.9022#12.4569
1,41.9022#12.4570
1,41.9022#12.4571
1,41.9022#12.4572
1,41.9022#12.4573
1,41.9022#12.4574
1,41.9022#12.4575
1,41.9022#12.4576
1,41.9022#12.4577
1,41.9022#12.4578
1,41.9022#12.4579
1,41.9022#12.4580
1,41.9022#12.4581
1,41.9022#12.4582
1,41.9023#12.4550
1,41.9023#12.4551
1,41.9023#12.4552
1,41.9023#12.4553
1,41.9023#12.4554
1,41.9023#12.4555
1,41.9023#12.4556
1,41.9023#12.4557
1,41.9023#12.4558
1,41.9023#12.4559
1,41.9023#12.4560
1,41.9023#12.4561
1,41.9023#12.4562
1,41.9023#12.4563
1,41.9023#12.4564
1,41.9023#12.4565
1,41.9023#12.4566
1,41.9023#12.4567
1,41.9023#12.4568
1,41.9023#12.4569
1,41.9023#12.4570
1,41.9023#12.4571
1,41.9023#12.4572
1,41.9023#12.4573
1,41.9023#12.4574
1,41.9023#12.4575
1,41.9023#12.4576
1,41.9023#12.4577
1,41.9023#12.4578
1,41.9023#12.4579
1,41.9023#12.4580
1,41.9023#12.4581
1,41.9023#12.4582
1,41.9024#12.4550
1,41.9024#12.4551
1,41.9024#12.4552
1,41.9024#12.4553
1,41.9024#12.4554
1,41.9024#12.4555
1,41.9024#12.4556
1,41.9024#12.4557
1,41.9024#12.4558
1,41.9024#12.4559
1,41.9024#12.4560
1,41.9024#12.4561
1,41.9024#12.4562
1,41.9024#12.4563
1,41.9024#12.4564
1,41.9024#12.4565
1,41.9024#12.4566
1,41.9024#12.4567
1,41.9024#12.4568
1,41.9024#12.4569
1,41.9024#12.4570
1,41.9024#12.4571
1,41.9024#12.4572
1,41.9024#12.4573
1,41.9024#12.4574
1,41.9024#12.4575
1,41.9024#12.4576
1,41.9024#12.4577
1,41.9024#12.4578
1,41.9024#12.4579
1,41.9024#12.4580
1,41.9024#12.4581
1,41.9024#12.4582
1,41.9025#12.4550
1,41.9025#12.4551
1,41.9025#12.4552
1,41.9025#12.4553
1,41.9025#12.4554
1,41.9025#12.4555
1,41.9025#12.4556
1,41.9025#12.4557
1,41.9025#12.4558
1,41.9025#12.4559
1,41.9025#12.4560
1,41.9025#12.4561
1,41.9025#12.4562
1,41.9025#12.4563
1,41.9025#12.4564
1,41.9025#12.4565
1,41.9025#12.4566
1,41.9025#12.4567
1,41.9025#12.4568
1,41.9025#12.4569
1,41.9025#12.4570
1,41.9025#12.4571
1,41.9025#12.4572
1,41.9025#12.4573
1,41.9025#12.4574
1,41.9025#12.4575
1,41.9025#12.4576
1,41.9025#12.4577
1,41.9025#12.4578
1,41.9025#12.4579
1,41.9025#12.4580
1,41.9025#12.4581
1,41.9025#12.4582
1,41.9026#12.4550
1,41.9026#12.4551
1,41.9026#12.4552
1,41.9026#12.4553
1,41.9026#12.4554
1,41.9026#12.4555
1,41.9026#12.4556
1,41.9026#12.4557
1,41.9026#12.4558
1,41.9026#12.4559
1,41.9026#12.4560
1,41.9026#12.4561
1,41.9026#12.4562
1,41.9026#12.4563
1,41.9026#12.4564
1,41.9026#12.4565
1,41.9026#12.4566
1,41.9026#12.4567
1,41.9026#12.4568
1,41.9026#12.4569
1,41.9026#12.4570
1,41.9026#12.4571
1,41.9026#12.4572
1,41.9026#12.4573
1,41.9026#12.4574
1,41.9026#12.4575
1,41.9026#12.4576
1,41.9026#12.4577
1,41.9026#12.4578
1,41.9026#12.4579
1,41.9026#12.4580
1,41.9026#12.4581
1,41.9026#12.4582
1,41.9016#12.4565
1,41.9016#12.4566
1,41.9016#12.4567
1,41.9016#12.4568
1,41.9016#12.4569
1,41.9016#12.4570
1,41.9016#12.4571
1,41.9016#12.4572
1,41.9016#12.4573
1,41.9016#12.4574
1,41.9016#12.4575
1,41.9016#12.4576
1,41.9016#12.4577
1,41.9016#12.4578
1,41.9016#12.4579
1,41.9015#12.4566
1,41.9015#12.4567
1,41.9015#12.4568
1,41.9015#12.4569
1,41.9015#12.4570
1,41.9015#12.4571
1,41.9015#12.4572
1,41.9015#12.4573
1,41.9015#12.4574
1,41.9015#12.4575
1,41.9015#12.4576
1,41.9015#12.4577
1,41.9015#12.4578
1,41.9014#12.4567
1,41.9014#12.4568
1,41.9014#12.4569
1,41.9014#12.4570
1,41.9014#12.4571
1,41.9014#12.4572
1,41.9014#12.4573
1,41.9014#12.4574
1,41.9014#12.4575
1,41.9014#12.4576
1,41.9014#12.4577
1,41.9013#12.4569
1,41.9013#12.4570
1,41.9013#12.4571
1,41.9013#12.4572
1,41.9013#12.4573
1,41.9013#12.4574
1,41.9013#12.4575
1,41.9027#12.4565
1,41.9027#12.4566
1,41.9027#12.4567
1,41.9027#12.4568
1,41.9027#12.4569
1,41.9027#12.4570
1,41.9027#12.4571
1,41.9027#12.4572
1,41.9027#12.4573
1,41.9027#12.4574
1,41.9027#12.4575
1,41.9027#12.4576
1,41.9027#12.4577
1,41.9027#12.4578
1,41.9027#12.4579
1,41.9027#12.4580
1,41.9028#12.4566
1,41.9028#12.4567
1,41.9028#12.4568
1,41.9028#12.4569
1,41.9028#12.4570
1,41.9028#12.4571
1,41.9028#12.4572
1,41.9028#12.4573
1,41.9028#12.4574
1,41.9028#12.4575
1,41.9028#12.4576
1,41.9028#12.4577
1,41.9028#12.4578
1,41.9028#12.4579
1,41.9029#12.4567
1,41.9029#12.4568
1,41.9029#12.4569
1,41.9029#12.4570
1,41.9029#12.4571
1,41.9029#12.4572
1,41.9029#12.4573
1,41.9029#12.4574
1,41.9029#12.4575
1,41.9029#12.4576
1,41.9029#12.4577
1,41.9029#12.4578
1,41.9030#12.4568
1,41.9030#12.4569
1,41.9030#12.4570
1,41.9030#12.4571
1,41.9030#12.4572
1,41.9030#12.4573
1,41.9030#12.4574
1,41.9030#12.4575
1,41.9030#12.4576
2,41.9021#12.4493
2,41.9021#12.4494
2,41.9021#12.4495
2,41.9021#12.4496
2,41.9021#12.4497
2,41.9021#12.4498
2,41.9021#12.4499
2,41.9021#12.4500
2,41.9022#12.4493
2,41.9022#12.4494
2,41.9022#12.4495
2,41.9022#12.4496
2,41.9022#12.4497
2,41.9022#12.4498
2,41.9022#12.4499
2,41.9022#12.4500
2,41.9023#12.4493
2,41.9023#12.4494
2,41.9023#12.4495
2,41.9023#12.4496
2,41.9023#12.4497
2,41.9023#12.4498
2,41.9023#12.4499
2,41.9023#12.4500
2,41.9024#12.4493
2,41.9024#12.4494
2,41.9024#12.4495
2,41.9024#12.4496
2,41.9024#12.4497
2,41.9024#12.4498
2,41.9024#12.4499
2,41.9024#12.4500
2,41.9025#12.4494
2,41.9025#12.4495
2,41.9025#12.4496
2,41.9025#12.4497
2,41.9025#12.4498
2,41.9025#12.4499
2,41.9015#12.4485
2,41.9015#12.4486
2,41.9016#12.4482
2,41.9016#12.4483
2,41.9016#12.4484
2,41.9016#12.4485
2,41.9016#12.4486
2,41.9016#12.4487
2,41.9017#12.4482
2,41.9017#12.4483
2,41.9017#12.4484
2,41.9017#12.4485
2,41.9017#12.4486
2,41.9017#12.4487
2,41.9017#12.4488
2,41.9018#12.4482
2,41.9018#12.4483
2,41.9018#12.4484
2,41.9018#12.4485
2,41.9018#12.4486
2,41.9018#12.4487
2,41.9018#12.4488
2,41.9019#12.4482
2,41.9019#12.4483
2,41.9019#12.4484
2,41.9019#12.4485
2,41.9019#12.4486
2,41.9019#12.4487
3,41.9053#12.4541
3,41.9053#12.4542
3,41.9053#12.4543
3,41.9053#12.4544
3,41.9053#12.4545
3,41.9053#12.4546
3,41.9053#12.4547
3,41.9053#12.4548
3,41.9053#12.4549
3,41.9054#12.4541
3,41.9054#12.4542
3,41.9054#12.4543
3,41.9054#12.4544
3,41.9054#12.4545
3,41.9054#12.4546
3,41.9054#12.4547
3,41.9054#12.4548
3,41.9054#12.4549
3,41.9055#12.4541
3,41.9055#12.4542
3,41.9055#12.4543
3,41.9055#12.4544
3,41.9055#12.4545
3,41.9055#12.4546
3,41.9055#12.4547
3,41.9055#12.4548
3,41.9055#12.4549
3,41.9056#12.4541
3,41.9056#12.4542
3,41.9056#12.4543
3,41.9056#12.4544
3,41.9056#12.4545
3,41.9056#12.4546
3,41.9056#12.4547
3,41.9056#12.4548
3,41.9056#12.4549
3,41.9057#12.4541
3,41.9057#12.4542
3,41.9057#12.4543
3,41.9057#12.4544
3,41.9057#12.4545
3,41.9057#12.4546
3,41.9057#12.4547
3,41.9057#12.4548
3,41.9057#12.4549
3,41.9058#12.4541
3,41.9058#12.4542
3,41.9058#12.4543
3,41.9058#12.4544
3,41.9058#12.4545
3,41.9058#12.4546
3,41.9058#12.4547
3,41.9058#12.4548
3,41.9058#12.4549
3,41.9059#12.4541
3,41.9059#12.4542
3,41.9059#12.4543
3,41.9059#12.4544
3,41.9059#12.4545
3,41.9059#12.4546
3,41.9059#12.4547
3,41.9059#12.4548
3,41.9059#12.4549
3,41.9060#12.4541
3,41.9060#12.4542
3,41.9060#12.4543
3,41.9060#12.4544
3,41.9060#12.4545
3,41.9060#12.4546
3,41.9060#12.4547
3,41.9060#12.4548
3,41.9060#12.4549
3,41.9061#12.4541
3,41.9061#12.4542
3,41.9061#12.4543
3,41.9061#12.4544
3,41.9061#12.4545
3,41.9061#12.4546
3,41.9061#12.4547
3,41.9061#12.4548
3,41.9061#12.4549
4,41.9028#12.4541
4,41.9029#12.4541
4,41.9030#12.4541
4,41.9028#12.4542
4,41.9029#12.4542
4,41.9030#12.4542
4,41.9028#12.4543
4,41.9029#12.4543
4,41.9030#12.4543
4,41.9028#12.4544
4,41.9029#12.4544
4,41.9030#12.4544
4,41.9028#12.4545
4,41.9029#12.4545
4,41.9030#12.4545
4,41.9028#12.4546
4,41.9029#12.4546
4,41.9030#12.4546
4,41.9028#12.4547
4,41.9029#12.4547
4,41.9030#12.4547